Geo_ID,Country,City,State,Postal Code,Region
Henderson_Kentucky_42420.0,United States,Henderson,Kentucky,42420.0,South
Los Angeles_California_90036.0,United States,Los Angeles,California,90036.0,West
Fort Lauderdale_Florida_33311.0,United States,Fort Lauderdale,Florida,33311.0,South
Los Angeles_California_90032.0,United States,Los Angeles,California,90032.0,West
Concord_North Carolina_28027.0,United States,Concord,North Carolina,28027.0,South
Seattle_Washington_98103.0,United States,Seattle,Washington,98103.0,West
Fort Worth_Texas_76106.0,United States,Fort Worth,Texas,76106.0,Central
Madison_Wisconsin_53711.0,United States,Madison,Wisconsin,53711.0,Central
West Jordan_Utah_84084.0,United States,West Jordan,Utah,84084.0,West
San Francisco_California_94109.0,United States,San Francisco,California,94109.0,West
Fremont_Nebraska_68025.0,United States,Fremont,Nebraska,68025.0,Central
Philadelphia_Pennsylvania_19140.0,United States,Philadelphia,Pennsylvania,19140.0,East
Orem_Utah_84057.0,United States,Orem,Utah,84057.0,West
Los Angeles_California_90049.0,United States,Los Angeles,California,90049.0,West
Houston_Texas_77095.0,United States,Houston,Texas,77095.0,Central
Richardson_Texas_75080.0,United States,Richardson,Texas,75080.0,Central
Houston_Texas_77041.0,United States,Houston,Texas,77041.0,Central
Naperville_Illinois_60540.0,United States,Naperville,Illinois,60540.0,Central
Melbourne_Florida_32935.0,United States,Melbourne,Florida,32935.0,South
Eagan_Minnesota_55122.0,United States,Eagan,Minnesota,55122.0,Central
Westland_Michigan_48185.0,United States,Westland,Michigan,48185.0,Central
Dover_Delaware_19901.0,United States,Dover,Delaware,19901.0,East
New Albany_Indiana_47150.0,United States,New Albany,Indiana,47150.0,Central
New York City_New York_10024.0,United States,New York City,New York,10024.0,East
Troy_New York_12180.0,United States,Troy,New York,12180.0,East
Los Angeles_California_90004.0,United States,Los Angeles,California,90004.0,West
Chicago_Illinois_60610.0,United States,Chicago,Illinois,60610.0,Central
Gilbert_Arizona_85234.0,United States,Gilbert,Arizona,85234.0,West
Springfield_Virginia_22153.0,United States,Springfield,Virginia,22153.0,South
New York City_New York_10009.0,United States,New York City,New York,10009.0,East
Jackson_Michigan_49201.0,United States,Jackson,Michigan,49201.0,Central
Memphis_Tennessee_38109.0,United States,Memphis,Tennessee,38109.0,South
Houston_Texas_77070.0,United States,Houston,Texas,77070.0,Central
Decatur_Alabama_35601.0,United States,Decatur,Alabama,35601.0,South
San Francisco_California_94122.0,United States,San Francisco,California,94122.0,West
Durham_North Carolina_27707.0,United States,Durham,North Carolina,27707.0,South
Chicago_Illinois_60623.0,United States,Chicago,Illinois,60623.0,Central
Columbia_South Carolina_29203.0,United States,Columbia,South Carolina,29203.0,South
Rochester_Minnesota_55901.0,United States,Rochester,Minnesota,55901.0,Central
Minneapolis_Minnesota_55407.0,United States,Minneapolis,Minnesota,55407.0,Central
Portland_Oregon_97206.0,United States,Portland,Oregon,97206.0,West
Saint Paul_Minnesota_55106.0,United States,Saint Paul,Minnesota,55106.0,Central
Aurora_Colorado_80013.0,United States,Aurora,Colorado,80013.0,West
Charlotte_North Carolina_28205.0,United States,Charlotte,North Carolina,28205.0,South
Orland Park_Illinois_60462.0,United States,Orland Park,Illinois,60462.0,Central
New York City_New York_10035.0,United States,New York City,New York,10035.0,East
Urbandale_Iowa_50322.0,United States,Urbandale,Iowa,50322.0,Central
Columbus_Ohio_43229.0,United States,Columbus,Ohio,43229.0,East
Bristol_Tennessee_37620.0,United States,Bristol,Tennessee,37620.0,South
Wilmington_Delaware_19805.0,United States,Wilmington,Delaware,19805.0,East
Bloomington_Illinois_61701.0,United States,Bloomington,Illinois,61701.0,Central
Phoenix_Arizona_85023.0,United States,Phoenix,Arizona,85023.0,West
Roseville_California_95661.0,United States,Roseville,California,95661.0,West
Independence_Missouri_64055.0,United States,Independence,Missouri,64055.0,Central
Pasadena_California_91104.0,United States,Pasadena,California,91104.0,West
Newark_Ohio_43055.0,United States,Newark,Ohio,43055.0,East
Franklin_Wisconsin_53132.0,United States,Franklin,Wisconsin,53132.0,Central
Scottsdale_Arizona_85254.0,United States,Scottsdale,Arizona,85254.0,West
San Jose_California_95123.0,United States,San Jose,California,95123.0,West
Seattle_Washington_98105.0,United States,Seattle,Washington,98105.0,West
Seattle_Washington_98115.0,United States,Seattle,Washington,98115.0,West
Edmond_Oklahoma_73034.0,United States,Edmond,Oklahoma,73034.0,Central
Los Angeles_California_90045.0,United States,Los Angeles,California,90045.0,West
Philadelphia_Pennsylvania_19134.0,United States,Philadelphia,Pennsylvania,19134.0,East
Carlsbad_New Mexico_88220.0,United States,Carlsbad,New Mexico,88220.0,West
San Antonio_Texas_78207.0,United States,San Antonio,Texas,78207.0,Central
Houston_Texas_77036.0,United States,Houston,Texas,77036.0,Central
Decatur_Illinois_62521.0,United States,Decatur,Illinois,62521.0,Central
Monroe_Louisiana_71203.0,United States,Monroe,Louisiana,71203.0,South
Fairfield_Connecticut_6824.0,United States,Fairfield,Connecticut,6824.0,East
Grand Prairie_Texas_75051.0,United States,Grand Prairie,Texas,75051.0,Central
Redlands_California_92374.0,United States,Redlands,California,92374.0,West
Hamilton_Ohio_45011.0,United States,Hamilton,Ohio,45011.0,East
Westfield_New Jersey_7090.0,United States,Westfield,New Jersey,7090.0,East
Philadelphia_Pennsylvania_19120.0,United States,Philadelphia,Pennsylvania,19120.0,East
Akron_Ohio_44312.0,United States,Akron,Ohio,44312.0,East
Denver_Colorado_80219.0,United States,Denver,Colorado,80219.0,West
Dallas_Texas_75220.0,United States,Dallas,Texas,75220.0,Central
Franklin_Tennessee_37064.0,United States,Franklin,Tennessee,37064.0,South
Whittier_California_90604.0,United States,Whittier,California,90604.0,West
Saginaw_Michigan_48601.0,United States,Saginaw,Michigan,48601.0,Central
Medina_Ohio_44256.0,United States,Medina,Ohio,44256.0,East
Dublin_Ohio_43017.0,United States,Dublin,Ohio,43017.0,East
Detroit_Michigan_48227.0,United States,Detroit,Michigan,48227.0,Central
Columbia_Tennessee_38401.0,United States,Columbia,Tennessee,38401.0,South
Tampa_Florida_33614.0,United States,Tampa,Florida,33614.0,South
Santa Clara_California_95051.0,United States,Santa Clara,California,95051.0,West
Lakeville_Minnesota_55044.0,United States,Lakeville,Minnesota,55044.0,Central
San Diego_California_92037.0,United States,San Diego,California,92037.0,West
Pasadena_Texas_77506.0,United States,Pasadena,Texas,77506.0,Central
Brentwood_California_94513.0,United States,Brentwood,California,94513.0,West
Chapel Hill_North Carolina_27514.0,United States,Chapel Hill,North Carolina,27514.0,South
Morristown_New Jersey_7960.0,United States,Morristown,New Jersey,7960.0,East
Cincinnati_Ohio_45231.0,United States,Cincinnati,Ohio,45231.0,East
San Francisco_California_94110.0,United States,San Francisco,California,94110.0,West
Inglewood_California_90301.0,United States,Inglewood,California,90301.0,West
Tamarac_Florida_33319.0,United States,Tamarac,Florida,33319.0,South
Colorado Springs_Colorado_80906.0,United States,Colorado Springs,Colorado,80906.0,West
Belleville_New Jersey_7109.0,United States,Belleville,New Jersey,7109.0,East
Taylor_Michigan_48180.0,United States,Taylor,Michigan,48180.0,Central
Lakewood_New Jersey_8701.0,United States,Lakewood,New Jersey,8701.0,East
Arlington_Virginia_22204.0,United States,Arlington,Virginia,22204.0,South
Arvada_Colorado_80004.0,United States,Arvada,Colorado,80004.0,West
Hackensack_New Jersey_7601.0,United States,Hackensack,New Jersey,7601.0,East
Saint Petersburg_Florida_33710.0,United States,Saint Petersburg,Florida,33710.0,South
Philadelphia_Pennsylvania_19143.0,United States,Philadelphia,Pennsylvania,19143.0,East
Long Beach_California_90805.0,United States,Long Beach,California,90805.0,West
Hesperia_California_92345.0,United States,Hesperia,California,92345.0,West
Murfreesboro_Tennessee_37130.0,United States,Murfreesboro,Tennessee,37130.0,South
Layton_Utah_84041.0,United States,Layton,Utah,84041.0,West
Austin_Texas_78745.0,United States,Austin,Texas,78745.0,Central
Lowell_Massachusetts_1852.0,United States,Lowell,Massachusetts,1852.0,East
Columbus_Georgia_31907.0,United States,Columbus,Georgia,31907.0,South
Manchester_Connecticut_6040.0,United States,Manchester,Connecticut,6040.0,East
Harlingen_Texas_78550.0,United States,Harlingen,Texas,78550.0,Central
Tucson_Arizona_85705.0,United States,Tucson,Arizona,85705.0,West
Quincy_Illinois_62301.0,United States,Quincy,Illinois,62301.0,Central
Franklin_Massachusetts_2038.0,United States,Franklin,Massachusetts,2038.0,East
Pembroke Pines_Florida_33024.0,United States,Pembroke Pines,Florida,33024.0,South
Des Moines_Washington_98198.0,United States,Des Moines,Washington,98198.0,West
Peoria_Illinois_61604.0,United States,Peoria,Illinois,61604.0,Central
Las Vegas_Nevada_89115.0,United States,Las Vegas,Nevada,89115.0,West
Warwick_Rhode Island_2886.0,United States,Warwick,Rhode Island,2886.0,East
Miami_Florida_33180.0,United States,Miami,Florida,33180.0,South
Wilmington_North Carolina_28403.0,United States,Wilmington,North Carolina,28403.0,South
Huntington Beach_California_92646.0,United States,Huntington Beach,California,92646.0,West
Richmond_Kentucky_40475.0,United States,Richmond,Kentucky,40475.0,South
Louisville_Colorado_80027.0,United States,Louisville,Colorado,80027.0,West
Lawrence_Massachusetts_1841.0,United States,Lawrence,Massachusetts,1841.0,East
Jackson_Mississippi_39212.0,United States,Jackson,Mississippi,39212.0,South
Canton_Michigan_48187.0,United States,Canton,Michigan,48187.0,Central
New Rochelle_New York_10801.0,United States,New Rochelle,New York,10801.0,East
Gastonia_North Carolina_28052.0,United States,Gastonia,North Carolina,28052.0,South
Jacksonville_Florida_32216.0,United States,Jacksonville,Florida,32216.0,South
Columbus_Indiana_47201.0,United States,Columbus,Indiana,47201.0,Central
Auburn_New York_13021.0,United States,Auburn,New York,13021.0,East
Norman_Oklahoma_73071.0,United States,Norman,Oklahoma,73071.0,Central
Concord_California_94521.0,United States,Concord,California,94521.0,West
Park Ridge_Illinois_60068.0,United States,Park Ridge,Illinois,60068.0,Central
Amarillo_Texas_79109.0,United States,Amarillo,Texas,79109.0,Central
Lindenhurst_New York_11757.0,United States,Lindenhurst,New York,11757.0,East
Los Angeles_California_90008.0,United States,Los Angeles,California,90008.0,West
San Diego_California_92024.0,United States,San Diego,California,92024.0,West
Huntsville_Texas_77340.0,United States,Huntsville,Texas,77340.0,Central
Rochester_New York_14609.0,United States,Rochester,New York,14609.0,East
Fayetteville_Arkansas_72701.0,United States,Fayetteville,Arkansas,72701.0,South
Costa Mesa_California_92627.0,United States,Costa Mesa,California,92627.0,West
Parker_Colorado_80134.0,United States,Parker,Colorado,80134.0,West
Atlanta_Georgia_30318.0,United States,Atlanta,Georgia,30318.0,South
Gladstone_Missouri_64118.0,United States,Gladstone,Missouri,64118.0,Central
Great Falls_Montana_59405.0,United States,Great Falls,Montana,59405.0,West
Detroit_Michigan_48234.0,United States,Detroit,Michigan,48234.0,Central
Lakeland_Florida_33801.0,United States,Lakeland,Florida,33801.0,South
Montgomery_Alabama_36116.0,United States,Montgomery,Alabama,36116.0,South
Mesa_Arizona_85204.0,United States,Mesa,Arizona,85204.0,West
Chicago_Illinois_60653.0,United States,Chicago,Illinois,60653.0,Central
Green Bay_Wisconsin_54302.0,United States,Green Bay,Wisconsin,54302.0,Central
Springfield_Ohio_45503.0,United States,Springfield,Ohio,45503.0,East
Anaheim_California_92804.0,United States,Anaheim,California,92804.0,West
Marysville_Washington_98270.0,United States,Marysville,Washington,98270.0,West
Salem_Oregon_97301.0,United States,Salem,Oregon,97301.0,West
Laredo_Texas_78041.0,United States,Laredo,Texas,78041.0,Central
Dallas_Texas_75217.0,United States,Dallas,Texas,75217.0,Central
Grove City_Ohio_43123.0,United States,Grove City,Ohio,43123.0,East
New York City_New York_10011.0,United States,New York City,New York,10011.0,East
Dearborn_Michigan_48126.0,United States,Dearborn,Michigan,48126.0,Central
Warner Robins_Georgia_31088.0,United States,Warner Robins,Georgia,31088.0,South
Vallejo_California_94591.0,United States,Vallejo,California,94591.0,West
Mission Viejo_California_92691.0,United States,Mission Viejo,California,92691.0,West
Rochester Hills_Michigan_48307.0,United States,Rochester Hills,Michigan,48307.0,Central
Plainfield_New Jersey_7060.0,United States,Plainfield,New Jersey,7060.0,East
Sierra Vista_Arizona_85635.0,United States,Sierra Vista,Arizona,85635.0,West
Vancouver_Washington_98661.0,United States,Vancouver,Washington,98661.0,West
Aurora_Illinois_60505.0,United States,Aurora,Illinois,60505.0,Central
Arlington_Texas_76017.0,United States,Arlington,Texas,76017.0,Central
Louisville_Kentucky_40214.0,United States,Louisville,Kentucky,40214.0,South
Dallas_Texas_75081.0,United States,Dallas,Texas,75081.0,Central
Cleveland_Ohio_44105.0,United States,Cleveland,Ohio,44105.0,East
Tyler_Texas_75701.0,United States,Tyler,Texas,75701.0,Central
Burlington_North Carolina_27217.0,United States,Burlington,North Carolina,27217.0,South
Waynesboro_Virginia_22980.0,United States,Waynesboro,Virginia,22980.0,South
Chester_Pennsylvania_19013.0,United States,Chester,Pennsylvania,19013.0,East
Cary_North Carolina_27511.0,United States,Cary,North Carolina,27511.0,South
Palm Coast_Florida_32137.0,United States,Palm Coast,Florida,32137.0,South
Mount Vernon_New York_10550.0,United States,Mount Vernon,New York,10550.0,East
Detroit_Michigan_48205.0,United States,Detroit,Michigan,48205.0,Central
Hialeah_Florida_33012.0,United States,Hialeah,Florida,33012.0,South
Oceanside_New York_11572.0,United States,Oceanside,New York,11572.0,East
San Diego_California_92105.0,United States,San Diego,California,92105.0,West
Evanston_Illinois_60201.0,United States,Evanston,Illinois,60201.0,Central
Trenton_Michigan_48183.0,United States,Trenton,Michigan,48183.0,Central
Cottage Grove_Minnesota_55016.0,United States,Cottage Grove,Minnesota,55016.0,Central
Bossier City_Louisiana_71111.0,United States,Bossier City,Louisiana,71111.0,South
Des Moines_Iowa_50315.0,United States,Des Moines,Iowa,50315.0,Central
Lancaster_California_93534.0,United States,Lancaster,California,93534.0,West
Richmond_Virginia_23223.0,United States,Richmond,Virginia,23223.0,South
Asheville_North Carolina_28806.0,United States,Asheville,North Carolina,28806.0,South
Lake Elsinore_California_92530.0,United States,Lake Elsinore,California,92530.0,West
Omaha_Nebraska_68104.0,United States,Omaha,Nebraska,68104.0,Central
Edmonds_Washington_98026.0,United States,Edmonds,Washington,98026.0,West
Santa Ana_California_92704.0,United States,Santa Ana,California,92704.0,West
Milwaukee_Wisconsin_53209.0,United States,Milwaukee,Wisconsin,53209.0,Central
Florence_Kentucky_41042.0,United States,Florence,Kentucky,41042.0,South
Lorain_Ohio_44052.0,United States,Lorain,Ohio,44052.0,East
Linden_New Jersey_7036.0,United States,Linden,New Jersey,7036.0,East
Salinas_California_93905.0,United States,Salinas,California,93905.0,West
New Brunswick_New Jersey_8901.0,United States,New Brunswick,New Jersey,8901.0,East
Lancaster_Pennsylvania_17602.0,United States,Lancaster,Pennsylvania,17602.0,East
Concord_New Hampshire_3301.0,United States,Concord,New Hampshire,3301.0,East
Columbia_Maryland_21044.0,United States,Columbia,Maryland,21044.0,East
Garland_Texas_75043.0,United States,Garland,Texas,75043.0,Central
Norwich_Connecticut_6360.0,United States,Norwich,Connecticut,6360.0,East
Alexandria_Virginia_22304.0,United States,Alexandria,Virginia,22304.0,South
Toledo_Ohio_43615.0,United States,Toledo,Ohio,43615.0,East
Farmington_New Mexico_87401.0,United States,Farmington,New Mexico,87401.0,West
Riverside_California_92503.0,United States,Riverside,California,92503.0,West
Torrance_California_90503.0,United States,Torrance,California,90503.0,West
Round Rock_Texas_78664.0,United States,Round Rock,Texas,78664.0,Central
Oceanside_California_92054.0,United States,Oceanside,California,92054.0,West
Boca Raton_Florida_33433.0,United States,Boca Raton,Florida,33433.0,South
Virginia Beach_Virginia_23464.0,United States,Virginia Beach,Virginia,23464.0,South
Murrieta_California_92563.0,United States,Murrieta,California,92563.0,West
Jacksonville_North Carolina_28540.0,United States,Jacksonville,North Carolina,28540.0,South
Burlington_Iowa_52601.0,United States,Burlington,Iowa,52601.0,Central
Olympia_Washington_98502.0,United States,Olympia,Washington,98502.0,West
Washington_District of Columbia_20016.0,United States,Washington,District of Columbia,20016.0,East
Jefferson City_Missouri_65109.0,United States,Jefferson City,Missouri,65109.0,Central
Saint Peters_Missouri_63376.0,United States,Saint Peters,Missouri,63376.0,Central
Rockford_Illinois_61107.0,United States,Rockford,Illinois,61107.0,Central
Miami_Florida_33142.0,United States,Miami,Florida,33142.0,South
Brownsville_Texas_78521.0,United States,Brownsville,Texas,78521.0,Central
Yonkers_New York_10701.0,United States,Yonkers,New York,10701.0,East
Oakland_California_94601.0,United States,Oakland,California,94601.0,West
Monroe_North Carolina_28110.0,United States,Monroe,North Carolina,28110.0,South
Clinton_Maryland_20735.0,United States,Clinton,Maryland,20735.0,East
Encinitas_California_92024.0,United States,Encinitas,California,92024.0,West
Roswell_Georgia_30076.0,United States,Roswell,Georgia,30076.0,South
Jonesboro_Arkansas_72401.0,United States,Jonesboro,Arkansas,72401.0,South
Richmond_Indiana_47374.0,United States,Richmond,Indiana,47374.0,Central
Antioch_California_94509.0,United States,Antioch,California,94509.0,West
Homestead_Florida_33030.0,United States,Homestead,Florida,33030.0,South
La Porte_Indiana_46350.0,United States,La Porte,Indiana,46350.0,Central
Lansing_Michigan_48911.0,United States,Lansing,Michigan,48911.0,Central
Cuyahoga Falls_Ohio_44221.0,United States,Cuyahoga Falls,Ohio,44221.0,East
Reno_Nevada_89502.0,United States,Reno,Nevada,89502.0,West
Harrisonburg_Virginia_22801.0,United States,Harrisonburg,Virginia,22801.0,South
Escondido_California_92025.0,United States,Escondido,California,92025.0,West
Royal Oak_Michigan_48073.0,United States,Royal Oak,Michigan,48073.0,Central
Rockville_Maryland_20852.0,United States,Rockville,Maryland,20852.0,East
Coral Springs_Florida_33065.0,United States,Coral Springs,Florida,33065.0,South
Buffalo_New York_14215.0,United States,Buffalo,New York,14215.0,East
Boynton Beach_Florida_33437.0,United States,Boynton Beach,Florida,33437.0,South
Gulfport_Mississippi_39503.0,United States,Gulfport,Mississippi,39503.0,South
Fresno_California_93727.0,United States,Fresno,California,93727.0,West
Greenville_North Carolina_27834.0,United States,Greenville,North Carolina,27834.0,South
Long Beach_New York_11561.0,United States,Long Beach,New York,11561.0,East
Florence_Alabama_35630.0,United States,Florence,Alabama,35630.0,South
Macon_Georgia_31204.0,United States,Macon,Georgia,31204.0,South
Cedar Rapids_Iowa_52402.0,United States,Cedar Rapids,Iowa,52402.0,Central
Providence_Rhode Island_2908.0,United States,Providence,Rhode Island,2908.0,East
Pueblo_Colorado_81001.0,United States,Pueblo,Colorado,81001.0,West
Fairfield_California_94533.0,United States,Fairfield,California,94533.0,West
Deltona_Florida_32725.0,United States,Deltona,Florida,32725.0,South
Murray_Kentucky_42071.0,United States,Murray,Kentucky,42071.0,South
Middletown_Connecticut_6457.0,United States,Middletown,Connecticut,6457.0,East
Freeport_New York_11520.0,United States,Freeport,New York,11520.0,East
Pico Rivera_California_90660.0,United States,Pico Rivera,California,90660.0,West
Provo_Utah_84604.0,United States,Provo,Utah,84604.0,West
Pleasant Grove_Utah_84062.0,United States,Pleasant Grove,Utah,84062.0,West
Smyrna_Georgia_30080.0,United States,Smyrna,Georgia,30080.0,South
Salem_Virginia_24153.0,United States,Salem,Virginia,24153.0,South
Parma_Ohio_44134.0,United States,Parma,Ohio,44134.0,East
Mobile_Alabama_36608.0,United States,Mobile,Alabama,36608.0,South
New Bedford_Massachusetts_2740.0,United States,New Bedford,Massachusetts,2740.0,East
Irving_Texas_75061.0,United States,Irving,Texas,75061.0,Central
Vineland_New Jersey_8360.0,United States,Vineland,New Jersey,8360.0,East
Glendale_Arizona_85301.0,United States,Glendale,Arizona,85301.0,West
Niagara Falls_New York_14304.0,United States,Niagara Falls,New York,14304.0,East
Thomasville_North Carolina_27360.0,United States,Thomasville,North Carolina,27360.0,South
Westminster_California_92683.0,United States,Westminster,California,92683.0,West
Jackson_Tennessee_38301.0,United States,Jackson,Tennessee,38301.0,South
Coppell_Texas_75019.0,United States,Coppell,Texas,75019.0,Central
Pomona_California_91767.0,United States,Pomona,California,91767.0,West
North Las Vegas_Nevada_89031.0,United States,North Las Vegas,Nevada,89031.0,West
Allentown_Pennsylvania_18103.0,United States,Allentown,Pennsylvania,18103.0,East
Newark_Delaware_19711.0,United States,Newark,Delaware,19711.0,East
Tempe_Arizona_85281.0,United States,Tempe,Arizona,85281.0,West
Laguna Niguel_California_92677.0,United States,Laguna Niguel,California,92677.0,West
Bridgeton_New Jersey_8302.0,United States,Bridgeton,New Jersey,8302.0,East
Everett_Massachusetts_2149.0,United States,Everett,Massachusetts,2149.0,East
Watertown_New York_13601.0,United States,Watertown,New York,13601.0,East
Appleton_Wisconsin_54915.0,United States,Appleton,Wisconsin,54915.0,Central
Bellevue_Washington_98006.0,United States,Bellevue,Washington,98006.0,West
Allen_Texas_75002.0,United States,Allen,Texas,75002.0,Central
El Paso_Texas_79907.0,United States,El Paso,Texas,79907.0,Central
Grapevine_Texas_76051.0,United States,Grapevine,Texas,76051.0,Central
Carrollton_Texas_75007.0,United States,Carrollton,Texas,75007.0,Central
Smyrna_Tennessee_37167.0,United States,Smyrna,Tennessee,37167.0,South
Kent_Washington_98031.0,United States,Kent,Washington,98031.0,West
Lafayette_Louisiana_70506.0,United States,Lafayette,Louisiana,70506.0,South
Tigard_Oregon_97224.0,United States,Tigard,Oregon,97224.0,West
Skokie_Illinois_60076.0,United States,Skokie,Illinois,60076.0,Central
Plano_Texas_75023.0,United States,Plano,Texas,75023.0,Central
Suffolk_Virginia_23434.0,United States,Suffolk,Virginia,23434.0,South
Indianapolis_Indiana_46203.0,United States,Indianapolis,Indiana,46203.0,Central
Bayonne_New Jersey_7002.0,United States,Bayonne,New Jersey,7002.0,East
Fayetteville_North Carolina_28314.0,United States,Fayetteville,North Carolina,28314.0,South
Greensboro_North Carolina_27405.0,United States,Greensboro,North Carolina,27405.0,South
Baltimore_Maryland_21215.0,United States,Baltimore,Maryland,21215.0,East
Kenosha_Wisconsin_53142.0,United States,Kenosha,Wisconsin,53142.0,Central
Olathe_Kansas_66062.0,United States,Olathe,Kansas,66062.0,Central
Auburn_Washington_98002.0,United States,Auburn,Washington,98002.0,West
Tulsa_Oklahoma_74133.0,United States,Tulsa,Oklahoma,74133.0,Central
Redmond_Oregon_97756.0,United States,Redmond,Oregon,97756.0,West
Raleigh_North Carolina_27604.0,United States,Raleigh,North Carolina,27604.0,South
Muskogee_Oklahoma_74403.0,United States,Muskogee,Oklahoma,74403.0,Central
Meriden_Connecticut_6450.0,United States,Meriden,Connecticut,6450.0,East
Bowling Green_Kentucky_42104.0,United States,Bowling Green,Kentucky,42104.0,South
South Bend_Indiana_46614.0,United States,South Bend,Indiana,46614.0,Central
Bristol_Connecticut_6010.0,United States,Bristol,Connecticut,6010.0,East
Henderson_Nevada_89015.0,United States,Henderson,Nevada,89015.0,West
Spokane_Washington_99207.0,United States,Spokane,Washington,99207.0,West
Keller_Texas_76248.0,United States,Keller,Texas,76248.0,Central
Fairfield_Ohio_45014.0,United States,Fairfield,Ohio,45014.0,East
Port Orange_Florida_32127.0,United States,Port Orange,Florida,32127.0,South
Medford_Oregon_97504.0,United States,Medford,Oregon,97504.0,West
Charlottesville_Virginia_22901.0,United States,Charlottesville,Virginia,22901.0,South
Missoula_Montana_59801.0,United States,Missoula,Montana,59801.0,West
Miami_Florida_33178.0,United States,Miami,Florida,33178.0,South
Florence_South Carolina_29501.0,United States,Florence,South Carolina,29501.0,South
Springfield_Oregon_97477.0,United States,Springfield,Oregon,97477.0,West
Apopka_Florida_32712.0,United States,Apopka,Florida,32712.0,South
Reading_Pennsylvania_19601.0,United States,Reading,Pennsylvania,19601.0,East
Broomfield_Colorado_80020.0,United States,Broomfield,Colorado,80020.0,West
Springfield_Missouri_65807.0,United States,Springfield,Missouri,65807.0,Central
Paterson_New Jersey_7501.0,United States,Paterson,New Jersey,7501.0,East
Oklahoma City_Oklahoma_73120.0,United States,Oklahoma City,Oklahoma,73120.0,Central
Chesapeake_Virginia_23320.0,United States,Chesapeake,Virginia,23320.0,South
Lubbock_Texas_79424.0,United States,Lubbock,Texas,79424.0,Central
Columbia_Missouri_65203.0,United States,Columbia,Missouri,65203.0,Central
Johnson City_Tennessee_37604.0,United States,Johnson City,Tennessee,37604.0,South
Auburn_Alabama_36830.0,United States,Auburn,Alabama,36830.0,South
San Bernardino_California_92404.0,United States,San Bernardino,California,92404.0,West
Leominster_Massachusetts_1453.0,United States,Leominster,Massachusetts,1453.0,East
Bozeman_Montana_59715.0,United States,Bozeman,Montana,59715.0,West
Peoria_Arizona_85345.0,United States,Peoria,Arizona,85345.0,West
Lakewood_Ohio_44107.0,United States,Lakewood,Ohio,44107.0,East
Perth Amboy_New Jersey_8861.0,United States,Perth Amboy,New Jersey,8861.0,East
Ontario_California_91761.0,United States,Ontario,California,91761.0,West
Rancho Cucamonga_California_91730.0,United States,Rancho Cucamonga,California,91730.0,West
Moorhead_Minnesota_56560.0,United States,Moorhead,Minnesota,56560.0,Central
Mesquite_Texas_75150.0,United States,Mesquite,Texas,75150.0,Central
Stockton_California_95207.0,United States,Stockton,California,95207.0,West
Ormond Beach_Florida_32174.0,United States,Ormond Beach,Florida,32174.0,South
Sunnyvale_California_94086.0,United States,Sunnyvale,California,94086.0,West
Dover_New Hampshire_3820.0,United States,Dover,New Hampshire,3820.0,East
York_Pennsylvania_17403.0,United States,York,Pennsylvania,17403.0,East
College Station_Texas_77840.0,United States,College Station,Texas,77840.0,Central
Saint Louis_Missouri_63116.0,United States,Saint Louis,Missouri,63116.0,Central
Quincy_Massachusetts_2169.0,United States,Quincy,Massachusetts,2169.0,East
Manteca_California_95336.0,United States,Manteca,California,95336.0,West
Kent_Ohio_44240.0,United States,Kent,Ohio,44240.0,East
San Angelo_Texas_76903.0,United States,San Angelo,Texas,76903.0,Central
Salt Lake City_Utah_84106.0,United States,Salt Lake City,Utah,84106.0,West
Huntsville_Alabama_35810.0,United States,Huntsville,Alabama,35810.0,South
Knoxville_Tennessee_37918.0,United States,Knoxville,Tennessee,37918.0,South
Little Rock_Arkansas_72209.0,United States,Little Rock,Arkansas,72209.0,South
Lincoln Park_Michigan_48146.0,United States,Lincoln Park,Michigan,48146.0,Central
Marion_Ohio_43302.0,United States,Marion,Ohio,43302.0,East
Littleton_Colorado_80122.0,United States,Littleton,Colorado,80122.0,West
Burlington_Vermont_97206.0,United States,Burlington,Vermont,97206.0,East
Bangor_Maine_4401.0,United States,Bangor,Maine,4401.0,East
Southaven_Mississippi_38671.0,United States,Southaven,Mississippi,38671.0,South
New Castle_Indiana_47362.0,United States,New Castle,Indiana,47362.0,Central
Midland_Michigan_48640.0,United States,Midland,Michigan,48640.0,Central
Sioux Falls_South Dakota_57103.0,United States,Sioux Falls,South Dakota,57103.0,Central
Fort Collins_Colorado_80525.0,United States,Fort Collins,Colorado,80525.0,West
Lafayette_Indiana_47905.0,United States,Lafayette,Indiana,47905.0,Central
Clarksville_Tennessee_37042.0,United States,Clarksville,Tennessee,37042.0,South
Sacramento_California_95823.0,United States,Sacramento,California,95823.0,West
Thousand Oaks_California_91360.0,United States,Thousand Oaks,California,91360.0,West
Malden_Massachusetts_2148.0,United States,Malden,Massachusetts,2148.0,East
Holyoke_Massachusetts_1040.0,United States,Holyoke,Massachusetts,1040.0,East
Albuquerque_New Mexico_87105.0,United States,Albuquerque,New Mexico,87105.0,West
Sparks_Nevada_89431.0,United States,Sparks,Nevada,89431.0,West
Coachella_California_92236.0,United States,Coachella,California,92236.0,West
Elmhurst_Illinois_60126.0,United States,Elmhurst,Illinois,60126.0,Central
Passaic_New Jersey_7055.0,United States,Passaic,New Jersey,7055.0,East
North Charleston_South Carolina_29406.0,United States,North Charleston,South Carolina,29406.0,South
Newport News_Virginia_23602.0,United States,Newport News,Virginia,23602.0,South
Jamestown_New York_14701.0,United States,Jamestown,New York,14701.0,East
Mishawaka_Indiana_46544.0,United States,Mishawaka,Indiana,46544.0,Central
Bowling Green_Ohio_43402.0,United States,Bowling Green,Ohio,43402.0,East
La Quinta_California_92253.0,United States,La Quinta,California,92253.0,West
Tallahassee_Florida_32303.0,United States,Tallahassee,Florida,32303.0,South
Nashville_Tennessee_37211.0,United States,Nashville,Tennessee,37211.0,South
Bellingham_Washington_98226.0,United States,Bellingham,Washington,98226.0,West
Woodstock_Illinois_60098.0,United States,Woodstock,Illinois,60098.0,Central
Haltom City_Texas_76117.0,United States,Haltom City,Texas,76117.0,Central
Wheeling_Illinois_60090.0,United States,Wheeling,Illinois,60090.0,Central
Summerville_South Carolina_29483.0,United States,Summerville,South Carolina,29483.0,South
Hot Springs_Arkansas_71901.0,United States,Hot Springs,Arkansas,71901.0,South
Englewood_Colorado_80112.0,United States,Englewood,Colorado,80112.0,West
Lancaster_Ohio_43130.0,United States,Lancaster,Ohio,43130.0,East
Las Cruces_New Mexico_88001.0,United States,Las Cruces,New Mexico,88001.0,West
Hoover_Alabama_35244.0,United States,Hoover,Alabama,35244.0,South
Frisco_Texas_75034.0,United States,Frisco,Texas,75034.0,Central
Vacaville_California_95687.0,United States,Vacaville,California,95687.0,West
Murray_Utah_84107.0,United States,Murray,Utah,84107.0,West
Waukesha_Wisconsin_53186.0,United States,Waukesha,Wisconsin,53186.0,Central
Bakersfield_California_93309.0,United States,Bakersfield,California,93309.0,West
Pompano Beach_Florida_33068.0,United States,Pompano Beach,Florida,33068.0,South
Troy_Ohio_45373.0,United States,Troy,Ohio,45373.0,East
Corpus Christi_Texas_78415.0,United States,Corpus Christi,Texas,78415.0,Central
Redondo Beach_California_90278.0,United States,Redondo Beach,California,90278.0,West
Orlando_Florida_32839.0,United States,Orlando,Florida,32839.0,South
Orange_New Jersey_7050.0,United States,Orange,New Jersey,7050.0,East
Lake Charles_Louisiana_70601.0,United States,Lake Charles,Louisiana,70601.0,South
Highland Park_Illinois_60035.0,United States,Highland Park,Illinois,60035.0,Central
Hempstead_New York_11550.0,United States,Hempstead,New York,11550.0,East
Noblesville_Indiana_46060.0,United States,Noblesville,Indiana,46060.0,Central
Apple Valley_Minnesota_55124.0,United States,Apple Valley,Minnesota,55124.0,Central
Mount Pleasant_South Carolina_29464.0,United States,Mount Pleasant,South Carolina,29464.0,South
Sterling Heights_Michigan_48310.0,United States,Sterling Heights,Michigan,48310.0,Central
Eau Claire_Wisconsin_54703.0,United States,Eau Claire,Wisconsin,54703.0,Central
Pharr_Texas_78577.0,United States,Pharr,Texas,78577.0,Central
Billings_Montana_59102.0,United States,Billings,Montana,59102.0,West
Gresham_Oregon_97030.0,United States,Gresham,Oregon,97030.0,West
Chattanooga_Tennessee_37421.0,United States,Chattanooga,Tennessee,37421.0,South
Meridian_Idaho_83642.0,United States,Meridian,Idaho,83642.0,West
Apple Valley_California_92307.0,United States,Apple Valley,California,92307.0,West
Bolingbrook_Illinois_60440.0,United States,Bolingbrook,Illinois,60440.0,Central
Maple Grove_Minnesota_55369.0,United States,Maple Grove,Minnesota,55369.0,Central
Woodland_California_95695.0,United States,Woodland,California,95695.0,West
Missouri City_Texas_77489.0,United States,Missouri City,Texas,77489.0,Central
Pearland_Texas_77581.0,United States,Pearland,Texas,77581.0,Central
San Mateo_California_94403.0,United States,San Mateo,California,94403.0,West
Grand Rapids_Michigan_49505.0,United States,Grand Rapids,Michigan,49505.0,Central
Visalia_California_93277.0,United States,Visalia,California,93277.0,West
Overland Park_Kansas_66212.0,United States,Overland Park,Kansas,66212.0,Central
Temecula_California_92592.0,United States,Temecula,California,92592.0,West
Yucaipa_California_92399.0,United States,Yucaipa,California,92399.0,West
Revere_Massachusetts_2151.0,United States,Revere,Massachusetts,2151.0,East
Conroe_Texas_77301.0,United States,Conroe,Texas,77301.0,Central
Tinley Park_Illinois_60477.0,United States,Tinley Park,Illinois,60477.0,Central
Dubuque_Iowa_52001.0,United States,Dubuque,Iowa,52001.0,Central
Dearborn Heights_Michigan_48127.0,United States,Dearborn Heights,Michigan,48127.0,Central
Santa Fe_New Mexico_87505.0,United States,Santa Fe,New Mexico,87505.0,West
Hickory_North Carolina_28601.0,United States,Hickory,North Carolina,28601.0,South
Carol Stream_Illinois_60188.0,United States,Carol Stream,Illinois,60188.0,Central
Saint Cloud_Minnesota_56301.0,United States,Saint Cloud,Minnesota,56301.0,Central
North Miami_Florida_33161.0,United States,North Miami,Florida,33161.0,South
Lawrence_Indiana_46226.0,United States,Lawrence,Indiana,46226.0,Central
Plantation_Florida_33317.0,United States,Plantation,Florida,33317.0,South
Port Saint Lucie_Florida_34952.0,United States,Port Saint Lucie,Florida,34952.0,South
Rock Hill_South Carolina_29730.0,United States,Rock Hill,South Carolina,29730.0,South
Odessa_Texas_79762.0,United States,Odessa,Texas,79762.0,Central
West Allis_Wisconsin_53214.0,United States,West Allis,Wisconsin,53214.0,Central
Chula Vista_California_91911.0,United States,Chula Vista,California,91911.0,West
Manhattan_Kansas_66502.0,United States,Manhattan,Kansas,66502.0,Central
Altoona_Pennsylvania_16602.0,United States,Altoona,Pennsylvania,16602.0,East
Thornton_Colorado_80229.0,United States,Thornton,Colorado,80229.0,West
Champaign_Illinois_61821.0,United States,Champaign,Illinois,61821.0,Central
Bloomington_Indiana_47401.0,United States,Bloomington,Indiana,47401.0,Central
Texarkana_Arkansas_71854.0,United States,Texarkana,Arkansas,71854.0,South
Edinburg_Texas_78539.0,United States,Edinburg,Texas,78539.0,Central
Baytown_Texas_77520.0,United States,Baytown,Texas,77520.0,Central
Greenwood_Indiana_46142.0,United States,Greenwood,Indiana,46142.0,Central
Lakewood_California_90712.0,United States,Lakewood,California,90712.0,West
Woonsocket_Rhode Island_2895.0,United States,Woonsocket,Rhode Island,2895.0,East
Superior_Wisconsin_54880.0,United States,Superior,Wisconsin,54880.0,Central
Bedford_Texas_76021.0,United States,Bedford,Texas,76021.0,Central
Covington_Washington_98042.0,United States,Covington,Washington,98042.0,West
Broken Arrow_Oklahoma_74012.0,United States,Broken Arrow,Oklahoma,74012.0,Central
Miramar_Florida_33023.0,United States,Miramar,Florida,33023.0,South
Hollywood_Florida_33021.0,United States,Hollywood,Florida,33021.0,South
Deer Park_Texas_77536.0,United States,Deer Park,Texas,77536.0,Central
Wichita_Kansas_67212.0,United States,Wichita,Kansas,67212.0,Central
Mcallen_Texas_78501.0,United States,Mcallen,Texas,78501.0,Central
Iowa City_Iowa_52240.0,United States,Iowa City,Iowa,52240.0,Central
Boise_Idaho_83704.0,United States,Boise,Idaho,83704.0,West
Cranston_Rhode Island_2920.0,United States,Cranston,Rhode Island,2920.0,East
Freeport_Illinois_61032.0,United States,Freeport,Illinois,61032.0,Central
Port Arthur_Texas_77642.0,United States,Port Arthur,Texas,77642.0,Central
Citrus Heights_California_95610.0,United States,Citrus Heights,California,95610.0,West
The Colony_Texas_75056.0,United States,The Colony,Texas,75056.0,Central
Redmond_Washington_98052.0,United States,Redmond,Washington,98052.0,West
Daytona Beach_Florida_32114.0,United States,Daytona Beach,Florida,32114.0,South
Bullhead City_Arizona_86442.0,United States,Bullhead City,Arizona,86442.0,West
Portage_Indiana_46368.0,United States,Portage,Indiana,46368.0,Central
Fargo_North Dakota_58103.0,United States,Fargo,North Dakota,58103.0,Central
Elkhart_Indiana_46514.0,United States,Elkhart,Indiana,46514.0,Central
San Gabriel_California_91776.0,United States,San Gabriel,California,91776.0,West
Margate_Florida_33063.0,United States,Margate,Florida,33063.0,South
Sandy Springs_Georgia_30328.0,United States,Sandy Springs,Georgia,30328.0,South
Mentor_Ohio_44060.0,United States,Mentor,Ohio,44060.0,East
Lawton_Oklahoma_73505.0,United States,Lawton,Oklahoma,73505.0,Central
Hampton_Virginia_23666.0,United States,Hampton,Virginia,23666.0,South
Rome_New York_13440.0,United States,Rome,New York,13440.0,East
La Crosse_Wisconsin_54601.0,United States,La Crosse,Wisconsin,54601.0,Central
Lewiston_Idaho_83501.0,United States,Lewiston,Idaho,83501.0,West
Hattiesburg_Mississippi_39401.0,United States,Hattiesburg,Mississippi,39401.0,South
Danville_California_94526.0,United States,Danville,California,94526.0,West
Mount Pleasant_Michigan_48858.0,United States,Mount Pleasant,Michigan,48858.0,Central
Logan_Utah_84321.0,United States,Logan,Utah,84321.0,West
Waterbury_Connecticut_6708.0,United States,Waterbury,Connecticut,6708.0,East
Athens_Georgia_30605.0,United States,Athens,Georgia,30605.0,South
Lewiston_Maine_4240.0,United States,Lewiston,Maine,4240.0,East
Danville_Illinois_61832.0,United States,Danville,Illinois,61832.0,Central
Avondale_Arizona_85323.0,United States,Avondale,Arizona,85323.0,West
Marietta_Georgia_30062.0,United States,Marietta,Georgia,30062.0,South
Yuma_Arizona_85364.0,United States,Yuma,Arizona,85364.0,West
Wausau_Wisconsin_54401.0,United States,Wausau,Wisconsin,54401.0,Central
Pasco_Washington_99301.0,United States,Pasco,Washington,99301.0,West
Oak Park_Illinois_60302.0,United States,Oak Park,Illinois,60302.0,Central
Pensacola_Florida_32503.0,United States,Pensacola,Florida,32503.0,South
League City_Texas_77573.0,United States,League City,Texas,77573.0,Central
Gaithersburg_Maryland_20877.0,United States,Gaithersburg,Maryland,20877.0,East
Lehi_Utah_84043.0,United States,Lehi,Utah,84043.0,West
Tuscaloosa_Alabama_35401.0,United States,Tuscaloosa,Alabama,35401.0,South
Moreno Valley_California_92553.0,United States,Moreno Valley,California,92553.0,West
Georgetown_Kentucky_40324.0,United States,Georgetown,Kentucky,40324.0,South
Loveland_Colorado_80538.0,United States,Loveland,Colorado,80538.0,West
Chandler_Arizona_85224.0,United States,Chandler,Arizona,85224.0,West
Helena_Montana_59601.0,United States,Helena,Montana,59601.0,West
Kirkwood_Missouri_63122.0,United States,Kirkwood,Missouri,63122.0,Central
Waco_Texas_76706.0,United States,Waco,Texas,76706.0,Central
Roseville_Michigan_48066.0,United States,Roseville,Michigan,48066.0,Central
Frankfort_Illinois_60423.0,United States,Frankfort,Illinois,60423.0,Central
Bethlehem_Pennsylvania_18018.0,United States,Bethlehem,Pennsylvania,18018.0,East
Burlington_Vermont_33142.0,United States,Burlington,Vermont,33142.0,East
Roseville_Minnesota_55113.0,United States,Roseville,Minnesota,55113.0,Central
Grand Island_Nebraska_68801.0,United States,Grand Island,Nebraska,68801.0,Central
Woodbury_Minnesota_55125.0,United States,Woodbury,Minnesota,55125.0,Central
Oak Park_Michigan_48237.0,United States,Oak Park,Michigan,48237.0,Central
Rogers_Arkansas_72756.0,United States,Rogers,Arkansas,72756.0,South
Clovis_New Mexico_88101.0,United States,Clovis,New Mexico,88101.0,West
Jupiter_Florida_33458.0,United States,Jupiter,Florida,33458.0,South
Santa Barbara_California_93101.0,United States,Santa Barbara,California,93101.0,West
Cedar Hill_Texas_75104.0,United States,Cedar Hill,Texas,75104.0,Central
Norfolk_Nebraska_68701.0,United States,Norfolk,Nebraska,68701.0,Central
Draper_Utah_84020.0,United States,Draper,Utah,84020.0,West
Ann Arbor_Michigan_48104.0,United States,Ann Arbor,Michigan,48104.0,Central
La Mesa_California_91941.0,United States,La Mesa,California,91941.0,West
Pocatello_Idaho_83201.0,United States,Pocatello,Idaho,83201.0,West
Holland_Michigan_49423.0,United States,Holland,Michigan,49423.0,Central
Milford_Connecticut_6460.0,United States,Milford,Connecticut,6460.0,East
Buffalo Grove_Illinois_60089.0,United States,Buffalo Grove,Illinois,60089.0,Central
Lake Forest_California_92630.0,United States,Lake Forest,California,92630.0,West
Redding_California_96003.0,United States,Redding,California,96003.0,West
Chico_California_95928.0,United States,Chico,California,95928.0,West
Utica_New York_13501.0,United States,Utica,New York,13501.0,East
Conway_Arkansas_72032.0,United States,Conway,Arkansas,72032.0,South
Cheyenne_Wyoming_82001.0,United States,Cheyenne,Wyoming,82001.0,West
Owensboro_Kentucky_42301.0,United States,Owensboro,Kentucky,42301.0,South
Caldwell_Idaho_83605.0,United States,Caldwell,Idaho,83605.0,West
Kenner_Louisiana_70065.0,United States,Kenner,Louisiana,70065.0,South
Nashua_New Hampshire_3060.0,United States,Nashua,New Hampshire,3060.0,East
Bartlett_Tennessee_38134.0,United States,Bartlett,Tennessee,38134.0,South
Redwood City_California_94061.0,United States,Redwood City,California,94061.0,West
Lebanon_Tennessee_37087.0,United States,Lebanon,Tennessee,37087.0,South
Santa Maria_California_93454.0,United States,Santa Maria,California,93454.0,West
Des Plaines_Illinois_60016.0,United States,Des Plaines,Illinois,60016.0,Central
Longview_Washington_98632.0,United States,Longview,Washington,98632.0,West
Hendersonville_Tennessee_37075.0,United States,Hendersonville,Tennessee,37075.0,South
Waterloo_Iowa_50701.0,United States,Waterloo,Iowa,50701.0,Central
Cambridge_Massachusetts_2138.0,United States,Cambridge,Massachusetts,2138.0,East
Palatine_Illinois_60067.0,United States,Palatine,Illinois,60067.0,Central
Beverly_Massachusetts_1915.0,United States,Beverly,Massachusetts,1915.0,East
Eugene_Oregon_97405.0,United States,Eugene,Oregon,97405.0,West
Oxnard_California_93030.0,United States,Oxnard,California,93030.0,West
Renton_Washington_98059.0,United States,Renton,Washington,98059.0,West
Glenview_Illinois_60025.0,United States,Glenview,Illinois,60025.0,Central
Delray Beach_Florida_33445.0,United States,Delray Beach,Florida,33445.0,South
Commerce City_Colorado_80022.0,United States,Commerce City,Colorado,80022.0,West
Texas City_Texas_77590.0,United States,Texas City,Texas,77590.0,Central
Wilson_North Carolina_27893.0,United States,Wilson,North Carolina,27893.0,South
Rio Rancho_New Mexico_87124.0,United States,Rio Rancho,New Mexico,87124.0,West
Goldsboro_North Carolina_27534.0,United States,Goldsboro,North Carolina,27534.0,South
Everett_Washington_98208.0,United States,Everett,Washington,98208.0,West
Montebello_California_90640.0,United States,Montebello,California,90640.0,West
El Cajon_California_92020.0,United States,El Cajon,California,92020.0,West
Beaumont_Texas_77705.0,United States,Beaumont,Texas,77705.0,Central
West Palm Beach_Florida_33407.0,United States,West Palm Beach,Florida,33407.0,South
Abilene_Texas_79605.0,United States,Abilene,Texas,79605.0,Central
Normal_Illinois_61761.0,United States,Normal,Illinois,61761.0,Central
Saint Charles_Missouri_63301.0,United States,Saint Charles,Missouri,63301.0,Central
Saint Charles_Illinois_60174.0,United States,Saint Charles,Illinois,60174.0,Central
Camarillo_California_93010.0,United States,Camarillo,California,93010.0,West
Hillsboro_Oregon_97123.0,United States,Hillsboro,Oregon,97123.0,West
Burbank_California_91505.0,United States,Burbank,California,91505.0,West
Modesto_California_95351.0,United States,Modesto,California,95351.0,West
Garden City_Kansas_67846.0,United States,Garden City,Kansas,67846.0,Central
Atlantic City_New Jersey_8401.0,United States,Atlantic City,New Jersey,8401.0,East
Longmont_Colorado_80501.0,United States,Longmont,Colorado,80501.0,West
Davis_California_95616.0,United States,Davis,California,95616.0,West
Wheeling_West Virginia_26003.0,United States,Wheeling,West Virginia,26003.0,East
Morgan Hill_California_95037.0,United States,Morgan Hill,California,95037.0,West
Clifton_New Jersey_7011.0,United States,Clifton,New Jersey,7011.0,East
Sheboygan_Wisconsin_53081.0,United States,Sheboygan,Wisconsin,53081.0,Central
East Point_Georgia_30344.0,United States,East Point,Georgia,30344.0,South
Rapid City_South Dakota_57701.0,United States,Rapid City,South Dakota,57701.0,Central
Andover_Massachusetts_1810.0,United States,Andover,Massachusetts,1810.0,East
Kissimmee_Florida_34741.0,United States,Kissimmee,Florida,34741.0,South
Shelton_Connecticut_6484.0,United States,Shelton,Connecticut,6484.0,East
Danbury_Connecticut_6810.0,United States,Danbury,Connecticut,6810.0,East
Marion_Iowa_52302.0,United States,Marion,Iowa,52302.0,Central
Sanford_Florida_32771.0,United States,Sanford,Florida,32771.0,South
San Marcos_Texas_78666.0,United States,San Marcos,Texas,78666.0,Central
Greeley_Colorado_80634.0,United States,Greeley,Colorado,80634.0,West
Mansfield_Texas_76063.0,United States,Mansfield,Texas,76063.0,Central
Elyria_Ohio_44035.0,United States,Elyria,Ohio,44035.0,East
Twin Falls_Idaho_83301.0,United States,Twin Falls,Idaho,83301.0,West
Burlington_Vermont_84057.0,United States,Burlington,Vermont,84057.0,East
Coral Gables_Florida_33134.0,United States,Coral Gables,Florida,33134.0,South
Romeoville_Illinois_60441.0,United States,Romeoville,Illinois,60441.0,Central
Marlborough_Massachusetts_1752.0,United States,Marlborough,Massachusetts,1752.0,East
Laurel_Maryland_20707.0,United States,Laurel,Maryland,20707.0,East
Burlington_Vermont_60540.0,United States,Burlington,Vermont,60540.0,East
Bryan_Texas_77803.0,United States,Bryan,Texas,77803.0,Central
Pine Bluff_Arkansas_71603.0,United States,Pine Bluff,Arkansas,71603.0,South
Aberdeen_South Dakota_57401.0,United States,Aberdeen,South Dakota,57401.0,Central
Hagerstown_Maryland_21740.0,United States,Hagerstown,Maryland,21740.0,East
East Orange_New Jersey_7017.0,United States,East Orange,New Jersey,7017.0,East
Burlington_Vermont_85204.0,United States,Burlington,Vermont,85204.0,East
Arlington Heights_Illinois_60004.0,United States,Arlington Heights,Illinois,60004.0,Central
Oswego_Illinois_60543.0,United States,Oswego,Illinois,60543.0,Central
Coon Rapids_Minnesota_55433.0,United States,Coon Rapids,Minnesota,55433.0,Central
San Clemente_California_92672.0,United States,San Clemente,California,92672.0,West
Dublin_California_94568.0,United States,Dublin,California,94568.0,West
San Luis Obispo_California_93405.0,United States,San Luis Obispo,California,93405.0,West
Burlington_Vermont_90032.0,United States,Burlington,Vermont,90032.0,East
Springdale_Arkansas_72762.0,United States,Springdale,Arkansas,72762.0,South
